directory,url,status,requires_login,requires_email,requires_dates,requires_regular_price,requires_cover,ready_when,notes
Free99Books,https://free99books.com/tall-book-promotion/,blocked,false,true,true,true,true,"email; promo dates; regular price","FREE Book Promotion path exists; needs author/contact fields and cover"
ContentMo Daily Deals,https://contentmo.com/dailydeals,submitted,false,true,true,true,false,"submitted 2026-05-19","Standard placement submitted with Amazon link and Free price"
FreeEBooks.com Amazon Promotions,https://www.freeebooks.com/submit/,blocked,false,false,true,false,false,"promo dates","Needs ASIN and promo dates; form requires JavaScript"
I Crave Freebies,https://www.icravefreebies.com/free-kindle-book-submission/,blocked,false,true,true,false,false,"email; promo dates","Submission by email; recommends at least 2 days lead time"
New Free Kindle Books,https://newfreekindlebooks.com/authors/,submitted,false,true,true,false,false,"submitted 2026-05-20","Free listing submitted with Amazon link, Free price, and 05/20/2026 promo window"
JustKindleBooks,https://www.justkindlebooks.com/submit-your-book/,blocked,false,true,true,true,false,"email; promo dates; regular price","Free/budget path observed but requires author email"
Pretty-Hot,https://pretty-hot.com/submit-your-book/,blocked,false,true,false,false,true,"email; permission to use cover","Requires email author bio and cover"
BookBillboard,https://www.bookbillboard.com/,blocked,false,true,false,false,true,"email; permission to use cover","Free cover/summary showcasing requires email and cover"
Humanmade Regular Listing,https://humanmade.net/submission-form,blocked,false,true,false,false,true,"email; author bio; author country; cover/photo permission","Regular Listing is free; form requires name email author profile biography country book description genre and related links"
Goodreads,https://www.goodreads.com/topic/show/1278424-post-your-free-ebook-here,blocked,true,false,false,false,false,"Goodreads login","Free ebook thread visible; posting requires login"
Reddit,https://www.reddit.com/submit,blocked,true,false,false,false,false,"Reddit login","Submit flow redirects to login"
Facebook,https://www.facebook.com/sharer/sharer.php,blocked,true,false,false,false,false,"Facebook login","Share flow requires login"
X/Twitter,https://twitter.com/intent/tweet,blocked,true,false,false,false,false,"X login","Intent redirects to login"
Hunt4Freebies,https://www.hunt4freebies.com/submit-freebie/,submitted,false,true,false,false,false,"submitted 2026-05-20","Submitted as A Freebie with Amazon link; confirmation: A. V., Thank You for your submission"
Book Preview Club,https://bookpreviewclub.com/free-submission-form/,blocked,false,true,true,false,false,"captcha","Free submission form exists but requires visual captcha before submit"
